{"cameraMode":{"drawMode":0,"name":"Shaded","section":"Shading Mode"},"sceneLighting":false,"audioPlay":false,"sceneViewState":{"m_AlwaysRefresh":true,"showFog":true,"showSkybox":false,"showFlares":true,"showImageEffects":true,"showParticleSystems":true,"showVisualEffectGraphs":true,"m_FxEnabled":true},"in2DMode":false,"pivot":{"x":12.36481761932373,"y":0.9898170232772827,"z":14.320540428161621},"rotation":{"x":0.21375451982021333,"y":-0.5711045265197754,"z":0.15714721381664277,"w":0.7769090533256531},"size":19.68175506591797,"orthographic":false}