{"cameraMode":{"drawMode":0,"name":"Shaded","section":"Shading Mode"},"sceneLighting":true,"audioPlay":false,"sceneViewState":{"m_AlwaysRefresh":true,"showFog":true,"showSkybox":true,"showFlares":true,"showImageEffects":true,"showParticleSystems":true,"showVisualEffectGraphs":true,"m_FxEnabled":true},"in2DMode":false,"pivot":{"x":16.799972534179689,"y":0.5013249516487122,"z":30.12375259399414},"rotation":{"x":-0.49164101481437685,"y":-0.26390865445137026,"z":-0.1591334193944931,"w":0.8145563006401062},"size":6.854822158813477,"orthographic":false}